{"0": {"throughput": 0.04608957349256332, "start_time": 19755.748717721, "end_time": 19972.717529585}}