{"0": {"throughput": 0.10900610612273857, "start_time": 22665.33904027, "end_time": 23582.718841796}}