{"0": {"throughput": 0.11472679503892533, "start_time": 27250.805941353, "end_time": 28994.077859061}}