{"0": {"throughput": 0.01011706153949786, "start_time": 18802.329506683, "end_time": 18901.172436134}}